,H_ratio,T_ratio
4303,0.1631016042780748,0.195187165775401
4535,0.1630434782608695,0.217391304347826
2852,0.1629629629629629,0.2740740740740741
2174,0.1629213483146067,0.1910112359550561
5837,0.1629213483146067,0.2041198501872659
363,0.1627906976744186,0.2093023255813953
458,0.1627906976744186,0.2325581395348837
5573,0.1627906976744186,0.2441860465116279
1288,0.1627906976744186,0.2480620155038759
50,0.1627906976744186,0.3488372093023256
5077,0.1627358490566037,0.3113207547169811
1717,0.1627358490566037,0.2594339622641509
590,0.1626506024096385,0.3674698795180723
1746,0.1625766871165644,0.2361963190184049
4931,0.1625,0.325
2863,0.1623931623931624,0.3247863247863248
927,0.1623036649214659,0.2356020942408377
1045,0.1621621621621621,0.1891891891891892
4541,0.1621621621621621,0.2905405405405405
2622,0.1621621621621621,0.2432432432432432
149,0.1621621621621621,0.1993243243243243
5703,0.1621621621621621,0.1621621621621621
4675,0.1621621621621621,0.1951951951951951
447,0.1621621621621621,0.1891891891891892
4815,0.1621621621621621,0.1801801801801801
1253,0.1621621621621621,0.1756756756756756
3093,0.1620111731843575,0.2458100558659217
1753,0.1619718309859155,0.2816901408450704
1803,0.1619718309859155,0.176056338028169
5947,0.1619718309859155,0.3591549295774648
5558,0.1619433198380566,0.3643724696356275
2064,0.1619433198380566,0.2348178137651821
192,0.1619047619047619,0.1485714285714285
3422,0.1618798955613577,0.2245430809399478
3670,0.1617647058823529,0.1911764705882352
4007,0.1617647058823529,0.1783088235294117
2733,0.1616161616161616,0.2424242424242424
343,0.1616161616161616,0.1986531986531986
3603,0.1615853658536585,0.2439024390243902
235,0.1613636363636363,0.2909090909090909
5946,0.1612903225806451,0.2043010752688172
4714,0.1612903225806451,0.2096774193548387
6029,0.1612903225806451,0.2580645161290322
2822,0.1612903225806451,0.3548387096774194
4446,0.1611374407582938,0.2014218009478673
2021,0.1610738255033557,0.2080536912751678
3210,0.1610738255033557,0.3221476510067114
5468,0.161038961038961,0.2415584415584415
548,0.1610169491525423,0.288135593220339
677,0.1609756097560975,0.2829268292682926
2484,0.1608775137111517,0.1901279707495429
4364,0.1608040201005025,0.2512562814070351
4578,0.1607142857142857,0.1625
3903,0.1607142857142857,0.2321428571428571
3402,0.1606060606060606,0.2696969696969697
5555,0.1605839416058394,0.1916058394160583
4633,0.1604938271604938,0.3580246913580246
4318,0.1604166666666666,0.1895833333333333
5686,0.160377358490566,0.1754716981132075
928,0.160377358490566,0.1698113207547169
4242,0.1603053435114503,0.1297709923664122
5964,0.1602914389799635,0.1967213114754098
3927,0.1602564102564102,0.2115384615384615
1889,0.1602564102564102,0.2115384615384615
3521,0.1602067183462532,0.2067183462532299
732,0.16,0.2
5642,0.16,0.26
5043,0.16,0.16
902,0.16,0.28
4960,0.16,0.2933333333333333
3959,0.16,0.32
911,0.16,0.16
2053,0.16,0.56
2700,0.1598639455782313,0.2040816326530612
3579,0.1598513011152416,0.241635687732342
2445,0.1598360655737705,0.2131147540983606
412,0.1596638655462184,0.1974789915966386
5522,0.1596153846153846,0.2403846153846154
2318,0.1594202898550724,0.3478260869565217
777,0.1593625498007968,0.1952191235059761
724,0.1592356687898089,0.1464968152866242
2062,0.1590909090909091,0.1363636363636363
1780,0.1590909090909091,0.1509740259740259
1371,0.1590909090909091,0.3181818181818182
3290,0.1590909090909091,0.2102272727272727
838,0.1590909090909091,0.3352272727272727
2315,0.1590909090909091,0.3181818181818182
546,0.1590909090909091,0.3136363636363636
533,0.1590524534686971,0.1455160744500846
3129,0.1590457256461232,0.2107355864811133
3007,0.1589958158995816,0.2384937238493724
48,0.1588628762541806,0.1622073578595317
5493,0.1588132635253054,0.2792321116928447
5139,0.1587301587301587,0.1031746031746031
4637,0.1587301587301587,0.238095238095238
4302,0.1585365853658536,0.1300813008130081
3940,0.1585365853658536,0.2621951219512195
1209,0.1583710407239819,0.1312217194570135
817,0.1582914572864321,0.1959798994974874
5824,0.1581818181818181,0.1581818181818181
1685,0.1581395348837209,0.2325581395348837
4247,0.1578947368421052,0.1578947368421052
1639,0.1578947368421052,0.2032667876588021
2418,0.1578947368421052,0.1578947368421052
3118,0.1578947368421052,0.1649122807017544
5771,0.1578947368421052,0.18796992481203
1037,0.1578947368421052,0.2894736842105263
639,0.1575,0.23
5604,0.1574803149606299,0.2204724409448819
1265,0.1574344023323615,0.2594752186588921
1747,0.1574074074074074,0.3148148148148148
474,0.1572327044025157,0.2672955974842767
3816,0.1572327044025157,0.1855345911949685
3072,0.1571428571428571,0.2523809523809524
857,0.1571428571428571,0.0857142857142857
4281,0.1568627450980392,0.2205882352941176
5977,0.1568627450980392,0.1764705882352941
3592,0.1568627450980392,0.1848739495798319
3887,0.1567398119122257,0.2413793103448276
4115,0.1566731141199226,0.1547388781431334
214,0.1566265060240964,0.253012048192771
797,0.1566265060240964,0.253012048192771
2076,0.1566265060240964,0.3253012048192771
178,0.1565217391304348,0.1652173913043478
4784,0.1564792176039119,0.2371638141809291
1776,0.1563981042654028,0.2203791469194312
1599,0.1563636363636363,0.209090909090909
896,0.15625,0.265625
5329,0.15625,0.2389705882352941
379,0.15625,0.109375
1478,0.15625,0.21875
3724,0.1560891938250428,0.1732418524871355
5626,0.1560693641618497,0.2947976878612717
2004,0.1559633027522936,0.2018348623853211
4737,0.1559633027522936,0.2568807339449541
5519,0.1558823529411764,0.2088235294117647
1172,0.1557562076749435,0.2641083521444695
5287,0.1556603773584905,0.1745283018867924
229,0.1556603773584905,0.2452830188679245
3280,0.1556240369799691,0.1694915254237288
3499,0.1556064073226544,0.2196796338672768
689,0.1555555555555555,0.2888888888888888
1572,0.1555555555555555,0.1555555555555555
5564,0.1555555555555555,0.2
3255,0.1555555555555555,0.1777777777777777
4726,0.1554770318021201,0.2791519434628975
2506,0.1553784860557769,0.2868525896414343
4062,0.15527950310559,0.1956521739130435
3360,0.1551724137931034,0.2068965517241379
1699,0.1551724137931034,0.2672413793103448
5850,0.1551724137931034,0.4310344827586206
5137,0.1551724137931034,0.2758620689655172
4843,0.1551724137931034,0.2155172413793103
1902,0.1550387596899224,0.1821705426356589
2942,0.1550387596899224,0.2325581395348837
2503,0.155,0.145
5580,0.1549636803874092,0.234866828087167
4079,0.1547344110854503,0.2471131639722864
5428,0.1546391752577319,0.2603092783505155
2913,0.1545454545454545,0.2939393939393939
5582,0.1544117647058823,0.3235294117647059
2883,0.1543624161073825,0.2013422818791946
4867,0.1543408360128617,0.1816720257234726
2776,0.1542857142857142,0.1714285714285714
199,0.154228855721393,0.2462686567164179
621,0.1541666666666666,0.3333333333333333
518,0.1541501976284585,0.2687747035573122
3018,0.1540983606557377,0.2098360655737705
3082,0.154054054054054,0.2162162162162162
841,0.1538461538461538,0.1538461538461538
5249,0.1538461538461538,0.1863905325443787
4136,0.1538461538461538,0.4102564102564102
3957,0.1538461538461538,0.1424501424501424
2719,0.1538461538461538,0.2649572649572649
2216,0.1538461538461538,0.2692307692307692
3577,0.1538461538461538,0.2307692307692307
3598,0.1538461538461538,0.4461538461538462
4153,0.1538461538461538,0.3076923076923077
5783,0.1538461538461538,0.1282051282051282
3548,0.1538461538461538,0.3461538461538461
637,0.1538461538461538,0.1803713527851458
1583,0.1538461538461538,0.2115384615384615
3325,0.1538461538461538,0.1538461538461538
4556,0.1538461538461538,0.2986425339366516
1666,0.1536523929471032,0.1914357682619647
2258,0.1536312849162011,0.2458100558659217
4653,0.1534653465346534,0.2549504950495049
2168,0.1534246575342465,0.2356164383561644
1757,0.1532467532467532,0.148051948051948
5840,0.1531914893617021,0.1574468085106383
4156,0.1530612244897959,0.2295918367346938
1041,0.1529411764705882,0.3176470588235294
1705,0.1529411764705882,0.2941176470588235
3020,0.1529411764705882,0.2
931,0.1528662420382165,0.2484076433121019
1281,0.1527777777777778,0.2916666666666667
1608,0.1527777777777778,0.2430555555555555
3475,0.1527331189710611,0.1527331189710611
4663,0.1526717557251908,0.2468193384223918
4134,0.1525423728813559,0.1949152542372881
5747,0.1524822695035461,0.2464539007092198
780,0.15234375,0.173828125
5996,0.1522842639593908,0.1742808798646362
4175,0.1521739130434782,0.2391304347826087
3879,0.1521739130434782,0.1956521739130435
4472,0.152129817444219,0.1622718052738336
667,0.1520467836257309,0.3450292397660818
3547,0.1519337016574585,0.2762430939226519
493,0.1518987341772152,0.2658227848101265
4490,0.1518324607329843,0.1544502617801047
4261,0.151624548736462,0.1444043321299639
6017,0.1515151515151515,0.3939393939393939
4649,0.1515151515151515,0.2727272727272727
2869,0.1515151515151515,0.2121212121212121
3955,0.1513157894736842,0.2105263157894736
2383,0.1513157894736842,0.1776315789473684
4112,0.1512345679012345,0.2037037037037037
218,0.1511627906976744,0.1744186046511628
5328,0.1509433962264151,0.3018867924528302
2996,0.1509433962264151,0.2180293501048218
5652,0.1509433962264151,0.3113207547169811
4411,0.1508196721311475,0.240983606557377
136,0.1507936507936507,0.1904761904761904
2858,0.1506849315068493,0.2054794520547945
517,0.1506024096385542,0.2831325301204819
3716,0.1505102040816326,0.2576530612244898
117,0.1504950495049505,0.2772277227722772
4352,0.1504237288135593,0.2351694915254237
4845,0.1503267973856209,0.3464052287581699
2457,0.1503006012024048,0.220440881763527
2978,0.1502890173410404,0.2023121387283237
601,0.1501340482573726,0.225201072386059
5430,0.15,0.3071428571428571
2819,0.15,0.2
2111,0.15,0.35
2381,0.15,0.25
3908,0.15,0.35625
2133,0.15,0.25
5725,0.15,0.2
6035,0.15,0.2571428571428571
5881,0.15,0.2678571428571428
4991,0.15,0.3
1295,0.15,0.35
2217,0.15,0.375
1810,0.15,0.275
5012,0.15,0.1
5514,0.15,0.2
1452,0.15,0.35
4948,0.1499013806706114,0.2307692307692307
1297,0.1498973305954825,0.2628336755646817
2537,0.1498194945848375,0.2129963898916967
3720,0.1497584541062802,0.2222222222222222
1600,0.149746192893401,0.2081218274111675
225,0.1496062992125984,0.3425196850393701
4289,0.1493506493506493,0.1883116883116883
5759,0.1493055555555555,0.2100694444444444
5195,0.1492537313432835,0.2388059701492537
1053,0.1492537313432835,0.244776119402985
1303,0.1491875923190546,0.1861152141802068
3868,0.149090909090909,0.2836363636363636
3180,0.1489795918367347,0.2795918367346939
4371,0.1489361702127659,0.2198581560283688
279,0.1489361702127659,0.1914893617021276
3312,0.1488721804511278,0.2075187969924812
2073,0.1488372093023255,0.2403100775193798
3546,0.148780487804878,0.3048780487804878
4335,0.1487603305785124,0.1962809917355372
3569,0.148741418764302,0.2105263157894736
3025,0.1486486486486486,0.2364864864864864
5312,0.1486111111111111,0.1958333333333333
3189,0.1485714285714285,0.2209523809523809
1683,0.1485714285714285,0.3142857142857143
2994,0.1485411140583554,0.2068965517241379
4373,0.1485148514851485,0.2244224422442244
5550,0.1484992101105845,0.1627172195892575
5675,0.1484641638225255,0.2372013651877133
4802,0.1484375,0.23125
4124,0.1483870967741935,0.2387096774193548
4268,0.1483870967741935,0.2612903225806451
3681,0.1482035928143712,0.1901197604790419
2188,0.1481481481481481,0.3135802469135803
4790,0.1481481481481481,0.2989417989417989
1838,0.1481481481481481,0.074074074074074
1080,0.1481481481481481,0.3148148148148148
504,0.1481481481481481,0.3055555555555556
4119,0.1481481481481481,0.3333333333333333
4260,0.1481481481481481,0.2561728395061728
4730,0.1481481481481481,0.4814814814814814
3052,0.1481481481481481,0.1728395061728395
2752,0.1481481481481481,0.2037037037037037
999,0.1480582524271844,0.2305825242718446
2540,0.147982062780269,0.2331838565022421
2681,0.147982062780269,0.2556053811659193
2235,0.1478873239436619,0.323943661971831
4243,0.1478873239436619,0.2676056338028169
146,0.1478873239436619,0.1948356807511737
438,0.1478405315614618,0.2425249169435216
2038,0.1477272727272727,0.2
1614,0.1475409836065573,0.2786885245901639
5432,0.1475409836065573,0.2185792349726776
3196,0.1475409836065573,0.2852459016393442
692,0.1473851030110935,0.161648177496038
2205,0.1473477406679764,0.2377210216110019
1244,0.147329650092081,0.2007366482504604
3586,0.147239263803681,0.2453987730061349
4407,0.1471861471861472,0.2554112554112554
2102,0.1471698113207547,0.1698113207547169
1441,0.1470588235294117,0.1666666666666666
2159,0.1470588235294117,0.4411764705882353
1731,0.1470588235294117,0.4411764705882353
3080,0.147005444646098,0.2032667876588021
2887,0.1469594594594594,0.1638513513513513
4186,0.146875,0.240625
2910,0.1468531468531468,0.4195804195804196
4024,0.1468253968253968,0.25
1755,0.1467391304347826,0.2527173913043478
5011,0.146690518783542,0.2021466905187835
5365,0.1466666666666666,0.22
3901,0.1466666666666666,0.1333333333333333
4593,0.1466666666666666,0.2733333333333333
5082,0.146551724137931,0.293103448275862
4613,0.1463414634146341,0.2682926829268293
3458,0.1463414634146341,0.2621951219512195
1487,0.1463414634146341,0.2439024390243902
904,0.1463414634146341,0.2357723577235772
2588,0.1463414634146341,0.0975609756097561
2702,0.1463414634146341,0.2195121951219512
6002,0.1462686567164179,0.2208955223880597
5184,0.1461794019933555,0.2724252491694352
3997,0.146031746031746,0.2761904761904762
1141,0.1459227467811159,0.2811158798283262
5036,0.1458333333333333,0.2708333333333333
5928,0.1458333333333333,0.4583333333333333
2520,0.1458333333333333,0.25
1112,0.1458026509572901,0.2002945508100147
2288,0.1457943925233644,0.1813084112149532
5163,0.1457085828343313,0.2155688622754491
1016,0.1456953642384106,0.1589403973509933
4249,0.145631067961165,0.1941747572815534
2378,0.1455938697318007,0.3141762452107279
1274,0.1455160744500846,0.3248730964467005
4553,0.1454545454545454,0.4545454545454545
587,0.1454545454545454,0.2363636363636363
4089,0.1452991452991453,0.1837606837606837
4345,0.1452702702702702,0.2381756756756756
3942,0.1452145214521452,0.2095709570957095
2528,0.1451612903225806,0.1451612903225806
4584,0.1451612903225806,0.2580645161290322
3648,0.1451355661881977,0.2567783094098884
5447,0.1450381679389313,0.1679389312977099
1264,0.1448663853727144,0.1378340365682137
1851,0.1448412698412698,0.2738095238095238
1983,0.1446886446886447,0.1904761904761904
5289,0.1446808510638297,0.3
3416,0.1446808510638297,0.2680851063829787
2526,0.1444866920152091,0.2167300380228136
4467,0.1444444444444444,0.25
5306,0.1444444444444444,0.1952380952380952
3884,0.1443932411674347,0.2596006144393241
935,0.1443298969072164,0.2190721649484536
4813,0.1442307692307692,0.1923076923076923
4049,0.144,0.2613333333333333
5317,0.143646408839779,0.2688766114180478
5107,0.1435643564356435,0.2227722772277227
1004,0.1434511434511434,0.1829521829521829
2643,0.1431718061674008,0.2026431718061674
1318,0.1428571428571428,0.4761904761904761
2234,0.1428571428571428,0.0476190476190476
647,0.1428571428571428,0.2987012987012987
1258,0.1428571428571428,0.5
1305,0.1428571428571428,0.6190476190476191
995,0.1428571428571428,0.1428571428571428
2373,0.1428571428571428,0.3333333333333333
4972,0.1428571428571428,0.3617021276595745
874,0.1428571428571428,0.2142857142857142
114,0.1428571428571428,0.2244897959183673
94,0.1428571428571428,0.2857142857142857
5780,0.1428571428571428,0.2355212355212355
967,0.1428571428571428,0.2197802197802197
4025,0.1428571428571428,0.3214285714285714
821,0.1428571428571428,0.4761904761904761
2361,0.1428571428571428,0.3265306122448979
16,0.1428571428571428,0.2857142857142857
1706,0.1428571428571428,0.3095238095238095
886,0.1428571428571428,0.4
3683,0.1426146010186757,0.2478777589134125
1748,0.1426146010186757,0.2869269949066214
4422,0.1425389755011135,0.3207126948775056
3483,0.1422087745839637,0.2208774583963691
5005,0.1421911421911421,0.2121212121212121
3365,0.1420289855072463,0.1623188405797101
1119,0.1417721518987341,0.1924050632911392
1054,0.1417322834645669,0.2677165354330709
5986,0.1416666666666666,0.2
4375,0.1415384615384615,0.2707692307692307
593,0.1415094339622641,0.2924528301886792
1120,0.1414965986394558,0.2285714285714285
123,0.1414473684210526,0.2713815789473684
2581,0.141439205955335,0.1935483870967742
4150,0.141439205955335,0.1588089330024814
3967,0.1412556053811659,0.1704035874439461
4916,0.1411764705882353,0.2588235294117647
4754,0.1411290322580645,0.282258064516129
2785,0.1411042944785276,0.1717791411042944
333,0.1409691629955947,0.2466960352422907
1152,0.1409395973154362,0.2818791946308724
3410,0.1409028727770178,0.2161422708618331
3895,0.1408450704225352,0.2112676056338028
3768,0.1408450704225352,0.1563380281690141
4250,0.1406727828746177,0.2599388379204893
1117,0.1405835543766578,0.1750663129973474
3182,0.1405750798722044,0.2284345047923322
3562,0.1405563689604685,0.2693997071742313
4033,0.1404833836858006,0.1858006042296072
2967,0.1404174573055028,0.2922201138519924
4728,0.1404011461318051,0.1991404011461318
3285,0.1403508771929824,0.2025518341307815
2926,0.1403508771929824,0.2280701754385964
4390,0.1402877697841726,0.2194244604316546
2592,0.1402714932126696,0.1877828054298642
4609,0.1401515151515151,0.2537878787878788
1224,0.1401384083044982,0.2941176470588235
5227,0.1401273885350318,0.2802547770700637
4828,0.14,0.24
4168,0.14,0.34
4420,0.14,0.28
4493,0.14,0.54
4198,0.14,0.24
3217,0.14,0.24
4287,0.1399317406143344,0.167235494880546
4852,0.139917695473251,0.2551440329218107
5054,0.1398601398601398,0.2979020979020979
2693,0.1397058823529411,0.2352941176470588
2376,0.1396761133603239,0.1963562753036437
5539,0.1395833333333333,0.2729166666666666
5288,0.1395348837209302,0.3720930232558139
4473,0.1394799054373522,0.1962174940898345
1033,0.1391752577319587,0.2216494845360824
5761,0.1390134529147982,0.3183856502242152
5927,0.1388888888888889,0.3333333333333333
1178,0.1388888888888889,0.1944444444444444
1422,0.1387362637362637,0.2184065934065934
4580,0.1386861313868613,0.2773722627737226
2144,0.1386138613861386,0.396039603960396
1884,0.1386138613861386,0.2531824611032532
1579,0.1385620915032679,0.1738562091503268
5599,0.1385281385281385,0.29004329004329
594,0.1383647798742138,0.1320754716981132
4086,0.1383647798742138,0.2735849056603773
854,0.1383399209486166,0.217391304347826
5182,0.1381578947368421,0.2664473684210526
5682,0.1381578947368421,0.2713815789473684
1322,0.1380208333333333,0.2239583333333333
2164,0.138004246284501,0.2356687898089172
1535,0.1379310344827586,0.2068965517241379
4196,0.1379310344827586,0.4482758620689655
2628,0.1379310344827586,0.2955665024630542
2442,0.1379310344827586,0.2413793103448276
221,0.1379310344827586,0.3448275862068966
4282,0.1379310344827586,0.4137931034482758
1294,0.1379310344827586,0.2720306513409962
1923,0.1379310344827586,0.4137931034482758
4028,0.1378026070763501,0.249534450651769
702,0.1377870563674321,0.1816283924843423
3320,0.1377459749552772,0.2540250447227191
5142,0.1376146788990825,0.2385321100917431
5108,0.137466307277628,0.2102425876010781
2030,0.1374570446735395,0.2903780068728522
3518,0.1374501992031872,0.2749003984063745
877,0.1374407582938388,0.1832543443917851
5113,0.1373626373626373,0.2161172161172161
2245,0.1372549019607843,0.3333333333333333
1092,0.1372549019607843,0.0980392156862745
5532,0.1372549019607843,0.3333333333333333
4740,0.1372549019607843,0.2352941176470588
3836,0.1372549019607843,0.2254901960784313
1022,0.136986301369863,0.2602739726027397
839,0.1369509043927648,0.2015503875968992
2180,0.1369193154034229,0.2200488997555012
984,0.1368876080691642,0.1772334293948126
1630,0.1367521367521367,0.3247863247863248
1988,0.136724960254372,0.2162162162162162
4257,0.1366906474820144,0.2230215827338129
5015,0.1366459627329192,0.1956521739130435
2072,0.1365853658536585,0.2975609756097561
3336,0.136431784107946,0.2158920539730135
3570,0.1363636363636363,0.4090909090909091
3623,0.1363636363636363,0.1818181818181818
5772,0.1363636363636363,0.2272727272727272
2419,0.1363636363636363,0.2329545454545454
5504,0.1362862010221465,0.2044293015332197
5722,0.1362397820163488,0.3514986376021798
5178,0.1360294117647058,0.1691176470588235
3031,0.136,0.23
5900,0.136,0.216
1314,0.1359649122807017,0.2631578947368421
1701,0.1358695652173913,0.2463768115942029
2860,0.1358267716535433,0.265748031496063
4717,0.1358024691358024,0.1728395061728395
635,0.135593220338983,0.288135593220339
3301,0.1354838709677419,0.3
3261,0.1354359925788497,0.2838589981447124
5074,0.1353482260183968,0.2628120893561104
3029,0.1353482260183968,0.1971090670170827
5978,0.1353383458646616,0.2280701754385964
1943,0.1352941176470588,0.2426470588235294
4418,0.1352201257861635,0.3396226415094339
2334,0.1351351351351351,0.2342342342342342
1642,0.1351351351351351,0.2162162162162162
1277,0.1351351351351351,0.2432432432432432
5749,0.1351351351351351,0.339066339066339
1323,0.1351351351351351,0.2162162162162162
749,0.1350762527233115,0.2440087145969499
5880,0.1350267379679144,0.2205882352941176
4286,0.135,0.31
3635,0.1349693251533742,0.2883435582822086
6007,0.1349693251533742,0.2300613496932515
2649,0.1348837209302325,0.1116279069767441
5273,0.1348684210526315,0.2664473684210526
566,0.1348314606741573,0.1891385767790262
4279,0.1346938775510204,0.2714285714285714
2301,0.1346153846153846,0.25
1970,0.1346153846153846,0.5192307692307693
476,0.1345707656612529,0.2737819025522042
4771,0.1345029239766081,0.3450292397660818
1356,0.1344902386117136,0.2928416485900217
1125,0.1344827586206896,0.2517241379310345
2544,0.1344307270233196,0.2935528120713306
4816,0.1344086021505376,0.2876344086021505
1977,0.1343283582089552,0.2388059701492537
163,0.1342412451361867,0.3171206225680933
1727,0.1342412451361867,0.2101167315175097
268,0.1340996168582375,0.2337164750957854
5536,0.1340694006309148,0.2271293375394321
552,0.134020618556701,0.3092783505154639
3364,0.1339285714285714,0.3392857142857143
5448,0.1339031339031339,0.2336182336182336
3885,0.1338983050847457,0.2677966101694915
3650,0.1337579617834395,0.1885350318471337
4577,0.1337209302325581,0.2616279069767442
4224,0.1335311572700296,0.2403560830860534
112,0.1333333333333333,0.1666666666666666
3289,0.1333333333333333,0.36
2738,0.1333333333333333,0.3047619047619048
1569,0.1333333333333333,0.3111111111111111
1473,0.1333333333333333,0.1875
5001,0.1333333333333333,0.2533333333333333
1920,0.1331114808652246,0.1863560732113144
1611,0.1330935251798561,0.25
5556,0.1330935251798561,0.2050359712230215
5763,0.1329394387001477,0.2525849335302806
3709,0.1329305135951661,0.2416918429003021
1071,0.1328671328671328,0.2307692307692307
3850,0.1328125,0.2395833333333333
5387,0.1326949384404925,0.2735978112175102
1300,0.1325301204819277,0.3614457831325301
1404,0.1325301204819277,0.2228915662650602
62,0.1325301204819277,0.2650602409638554
26,0.1325,0.255
5575,0.1323529411764706,0.2058823529411764
3929,0.1323529411764706,0.2009803921568627
2946,0.1323210412147505,0.2082429501084598
2810,0.1321695760598503,0.2892768079800499
5463,0.1321428571428571,0.3392857142857143
1298,0.1319218241042345,0.258957654723127
5501,0.1319073083778966,0.1996434937611408
5744,0.1318181818181818,0.2636363636363636
1170,0.1317829457364341,0.2248062015503876
2199,0.1317829457364341,0.3488372093023256
4181,0.1317829457364341,0.2248062015503876
1587,0.131768953068592,0.2418772563176895
1865,0.1317365269461078,0.3293413173652694
3575,0.131578947368421,0.2105263157894736
2077,0.131578947368421,0.2792397660818713
4662,0.1314285714285714,0.2571428571428571
1317,0.1314142678347934,0.2127659574468085
4454,0.13125,0.28125
5483,0.1312217194570135,0.1855203619909502
2003,0.1311475409836065,0.2459016393442623
970,0.1311475409836065,0.24408014571949
4704,0.1310975609756097,0.2530487804878049
1207,0.1310679611650485,0.2605177993527508
655,0.1310679611650485,0.308252427184466
1501,0.1309963099630996,0.3173431734317343
2231,0.1307339449541284,0.3119266055045872
4387,0.1305518169582772,0.2839838492597577
5940,0.1304347826086956,0.0869565217391304
172,0.1304347826086956,0.0869565217391304
4888,0.1304347826086956,0.2909698996655518
770,0.1304347826086956,0.2411067193675889
2744,0.1304347826086956,0.4057971014492754
1896,0.1304347826086956,0.2367149758454106
5391,0.1304347826086956,0.0869565217391304
580,0.1304347826086956,0.3478260869565217
5789,0.1304347826086956,0.2826086956521739
6000,0.1304347826086956,0.2529644268774703
1214,0.1304347826086956,0.4782608695652174
331,0.1301369863013698,0.2773972602739726
509,0.1300138312586445,0.2130013831258644
2203,0.1298701298701298,0.2207792207792207
148,0.1298076923076923,0.2467948717948718
1899,0.1296296296296296,0.2261904761904762
329,0.1295811518324607,0.2185863874345549
2793,0.1292775665399239,0.1774397972116603
1451,0.1291611185086551,0.2356857523302263
2496,0.1291585127201565,0.2504892367906066
411,0.1291338582677165,0.2409448818897638
992,0.1290322580645161,0.2903225806451613
3722,0.1290322580645161,0.1935483870967742
339,0.1290322580645161,0.1935483870967742
3766,0.1290322580645161,0.1532258064516129
1812,0.1289398280802292,0.2320916905444126
2916,0.1287553648068669,0.3733905579399141
5893,0.1283783783783783,0.1418918918918918
1613,0.1283018867924528,0.2075471698113207
4017,0.1282051282051282,0.2307692307692307
4854,0.1280487804878048,0.274390243902439
1758,0.127906976744186,0.2813953488372093
4568,0.1278688524590163,0.321311475409836
800,0.1278195488721804,0.3045112781954887
4579,0.127721335268505,0.3178519593613933
4928,0.1276595744680851,0.2948328267477204
3856,0.1276595744680851,0.3404255319148936
365,0.1276595744680851,0.2340425531914893
2018,0.1275167785234899,0.3221476510067114
1952,0.1274900398406374,0.2629482071713147
1254,0.1272727272727272,0.2909090909090909
5334,0.1272727272727272,0.6363636363636364
3444,0.1272727272727272,0.2363636363636363
1169,0.1271186440677966,0.2288135593220339
4732,0.1270072992700729,0.2613138686131387
855,0.1269841269841269,0.3238095238095238
302,0.1269035532994923,0.248730964467005
202,0.126865671641791,0.226865671641791
4506,0.126865671641791,0.2425373134328358
543,0.1266766020864381,0.2712369597615499
5282,0.1266666666666666,0.26
570,0.1265822784810126,0.2320675105485232
934,0.1265060240963855,0.2831325301204819
5220,0.1263888888888888,0.3180555555555555
35,0.1262626262626262,0.2626262626262626
2092,0.1262002743484225,0.2606310013717421
293,0.1261829652996845,0.305993690851735
1635,0.1261034047919293,0.2408575031525851
4386,0.1260022909507445,0.1786941580756013
4053,0.126,0.236
4326,0.1259842519685039,0.3700787401574803
2251,0.1259079903147699,0.2372881355932203
528,0.1258620689655172,0.2810344827586207
5151,0.1257861635220125,0.3018867924528302
1140,0.1256684491978609,0.3770053475935829
1496,0.1256281407035175,0.304857621440536
1340,0.1254658385093167,0.2409937888198757
2737,0.12531328320802,0.3007518796992481
1908,0.125,0.3076923076923077
3246,0.125,0.3103448275862069
4073,0.125,0.0833333333333333
5059,0.125,0.2352941176470588
5551,0.125,0.34375
4957,0.125,0.2446236559139785
5636,0.125,0.2523584905660377
5033,0.125,0.1875
2238,0.125,0.2272727272727272
3772,0.125,0.3958333333333333
3779,0.125,0.3214285714285714
4544,0.125,0.4375
1576,0.125,0.125
4997,0.125,0.4821428571428571
3838,0.125,0.375
67,0.125,0.125
1065,0.125,0.2613636363636363
5802,0.125,0.35
3471,0.125,0.220873786407767
2402,0.1247637051039697,0.2268431001890359
1017,0.1247600767754318,0.4664107485604606
3163,0.1247086247086247,0.2074592074592074
1034,0.1246290801186943,0.28486646884273
5185,0.1245551601423487,0.3487544483985765
1778,0.1245421245421245,0.3095238095238095
5974,0.1244635193133047,0.2746781115879828
4488,0.1242774566473988,0.2861271676300578
3792,0.1242387332521315,0.2764920828258221
4619,0.1241830065359477,0.2352941176470588
5433,0.1241379310344827,0.2675862068965517
1837,0.1240409207161125,0.2570332480818414
2453,0.1240063593004769,0.2607313195548489
5627,0.1239263803680981,0.2355828220858895
3727,0.1239130434782608,0.2521739130434782
4305,0.1239067055393586,0.3002915451895043
3576,0.1238447319778188,0.2532347504621072
4252,0.1238095238095238,0.1809523809523809
296,0.1237113402061855,0.268041237113402
2811,0.1234567901234567,0.4320987654320987
2498,0.1233766233766233,0.2857142857142857
3191,0.1231527093596059,0.229064039408867
1736,0.123076923076923,0.3230769230769231
1926,0.123076923076923,0.3025641025641025
1337,0.123076923076923,0.2461538461538461
461,0.123046875,0.267578125
1726,0.1230366492146596,0.2539267015706806
173,0.1229946524064171,0.3975044563279857
1377,0.1228406909788867,0.2495201535508637
53,0.1228070175438596,0.2704678362573099
1749,0.1227758007117437,0.3327402135231316
2753,0.1227722772277227,0.2811881188118812
2012,0.1227495908346972,0.2831423895253682
1781,0.1226415094339622,0.2735849056603773
4212,0.1225806451612903,0.2451612903225806
473,0.1224489795918367,0.2653061224489796
4016,0.1224188790560472,0.2831858407079646
5990,0.1223776223776223,0.2237762237762237
1284,0.1222879684418146,0.3037475345167653
1164,0.1222707423580786,0.3624454148471616
670,0.1222222222222222,0.4444444444444444
3690,0.1221945137157107,0.2793017456359102
3013,0.1220556745182012,0.2591006423982869
319,0.1220527045769764,0.2884882108183079
4896,0.1219512195121951,0.5609756097560976
2632,0.1219512195121951,0.1951219512195122
5268,0.1219008264462809,0.2190082644628099
1434,0.1218637992831541,0.3297491039426523
4284,0.1217948717948717,0.2179487179487179
721,0.1216216216216216,0.2627627627627628
3949,0.1216216216216216,0.2027027027027027
4697,0.1216216216216216,0.3783783783783784
3478,0.1216216216216216,0.3378378378378378
5888,0.1215559157212317,0.2350081037277147
2109,0.1214953271028037,0.3257676902536716
78,0.1214285714285714,0.2428571428571428
2010,0.121418826739427,0.2851296043656207
1722,0.1213592233009708,0.470873786407767
1111,0.1212121212121212,0.3636363636363636
5979,0.1212121212121212,0.2424242424242424
5530,0.1211656441717791,0.3098159509202454
1632,0.12109375,0.26171875
5492,0.1210526315789473,0.3289473684210526
3491,0.1210453920220082,0.2847317744154057
2878,0.1208633093525179,0.2589928057553957
2211,0.1208053691275167,0.2013422818791946
1935,0.1206896551724138,0.4482758620689655
1068,0.1206030150753768,0.2780569514237856
4981,0.1205211726384364,0.2931596091205212
5524,0.1204819277108433,0.2289156626506024
1383,0.1204379562043795,0.2396593673965937
4055,0.1203931203931203,0.2432432432432432
1194,0.1201848998459167,0.2557781201848998
5069,0.12,0.24
348,0.12,0.19
75,0.12,0.4
1354,0.1198830409356725,0.3040935672514619
4139,0.1196581196581196,0.2962962962962963
3272,0.1196172248803827,0.2284688995215311
5362,0.1195652173913043,0.4347826086956521
1051,0.1194895591647331,0.2737819025522042
660,0.1194879089615931,0.2532005689900427
5614,0.1194743130227001,0.2258064516129032
1052,0.1194029850746268,0.2388059701492537
3584,0.1194029850746268,0.1641791044776119
2130,0.1194029850746268,0.5223880597014925
2026,0.1192660550458715,0.4036697247706422
1631,0.1192307692307692,0.3
245,0.119109947643979,0.2238219895287958
4084,0.119047619047619,0.3154761904761904
3015,0.119047619047619,0.5238095238095238
482,0.1187878787878787,0.2218181818181818
869,0.1187648456057007,0.3277909738717339
5046,0.118663594470046,0.2350230414746544
710,0.1186440677966101,0.2418079096045197
2635,0.1186440677966101,0.3389830508474576
563,0.1184971098265895,0.3034682080924855
1128,0.1184738955823293,0.2730923694779116
1845,0.1181818181818181,0.2636363636363636
1078,0.1181102362204724,0.3070866141732283
203,0.1181102362204724,0.3149606299212598
3842,0.1180866965620328,0.2944693572496263
2986,0.1180555555555555,0.3069444444444444
2088,0.1179138321995464,0.3197278911564626
1465,0.1178396072013093,0.2585924713584288
3675,0.1177856301531213,0.2473498233215547
2825,0.1176470588235294,0.3484162895927601
3707,0.1176470588235294,0.2156862745098039
3988,0.1176470588235294,0.3088235294117647
4031,0.1176470588235294,0.2941176470588235
3804,0.1176470588235294,0.4171122994652406
5123,0.1176470588235294,0.196078431372549
5511,0.117403314917127,0.2458563535911602
2015,0.1173864894795127,0.3034330011074197
4682,0.1173469387755102,0.2908163265306122
4238,0.1172161172161172,0.2722832722832722
2724,0.1170731707317073,0.2292682926829268
4360,0.1169354838709677,0.3548387096774194
4658,0.1169064748201438,0.302158273381295
3823,0.1169036334913112,0.2748815165876777
97,0.1168831168831168,0.3181818181818182
5340,0.116822429906542,0.3457943925233644
4088,0.1166253101736972,0.3672456575682382
5394,0.1166077738515901,0.287396937573616
910,0.1165644171779141,0.2331288343558282
5755,0.116504854368932,0.3009708737864077
2507,0.1164144353899883,0.2724097788125728
1173,0.1163434903047091,0.3102493074792243
325,0.1162790697674418,0.1860465116279069
4285,0.1162790697674418,0.2713178294573643
5622,0.1162790697674418,0.1511627906976744
1931,0.1162790697674418,0.2441860465116279
1203,0.1160593792172739,0.2388663967611336
3477,0.1159420289855072,0.3333333333333333
4085,0.1158021712907117,0.2738238841978287
2529,0.1157635467980295,0.2512315270935961
699,0.115727002967359,0.3961424332344214
1266,0.1157024793388429,0.3774104683195592
3834,0.1156583629893238,0.2704626334519573
2067,0.1155778894472361,0.2964824120603015
195,0.1155717761557177,0.3321167883211678
4312,0.1155152887882219,0.276330690826727
3367,0.1154929577464788,0.428169014084507
5605,0.1154891304347826,0.266304347826087
3084,0.1153846153846153,0.4358974358974359
2577,0.1153846153846153,0.173076923076923
3821,0.1152263374485596,0.3744855967078189
5153,0.1152173913043478,0.2782608695652174
494,0.1151832460732984,0.2617801047120419
1916,0.1150895140664961,0.3350383631713555
3705,0.1148989898989899,0.2689393939393939
3507,0.1148429035752979,0.2881906825568797
5026,0.11441647597254,0.2425629290617849
3201,0.1143497757847533,0.2869955156950672
3962,0.1142857142857142,0.2714285714285714
3144,0.1142857142857142,0.1142857142857142
3198,0.1142857142857142,0.2952380952380952
2123,0.1142857142857142,0.3428571428571428
1764,0.1141924959216965,0.3083197389885807
1897,0.1141552511415525,0.3485540334855403
3934,0.1137980085348506,0.3115220483641536
1832,0.1136363636363636,0.3863636363636363
3171,0.1136363636363636,0.3484848484848485
5961,0.1136363636363636,0.2824675324675325
1026,0.1136363636363636,0.3863636363636363
2676,0.1135371179039301,0.2882096069868995
3677,0.1134751773049645,0.2765957446808511
5302,0.1134453781512605,0.3067226890756303
3979,0.1134020618556701,0.2577319587628865
3486,0.1134020618556701,0.1958762886597938
759,0.1134020618556701,0.2989690721649484
4354,0.1133858267716535,0.2771653543307086
3589,0.1133720930232558,0.2630813953488372
216,0.1133501259445843,0.3010075566750629
3999,0.1132075471698113,0.2695417789757412
5948,0.1130653266331658,0.321608040201005
531,0.113033448673587,0.3044982698961938
3945,0.1129943502824858,0.224105461393597
3308,0.1129943502824858,0.3093220338983051
3807,0.1129707112970711,0.3744769874476987
4140,0.1129251700680272,0.2394557823129251
4296,0.1129032258064516,0.1612903225806451
1646,0.1129032258064516,0.3387096774193548
3793,0.112781954887218,0.4210526315789473
3049,0.1126760563380281,0.2816901408450704
3519,0.1126126126126126,0.3078078078078078
5459,0.1123595505617977,0.3651685393258427
3626,0.1122807017543859,0.2912280701754386
5916,0.112215909090909,0.3551136363636363
390,0.1121495327102803,0.4626168224299065
1741,0.1121212121212121,0.3363636363636363
3610,0.1120689655172413,0.3864942528735632
3026,0.1120448179271708,0.3165266106442577
1096,0.1119402985074626,0.3208955223880597
3985,0.1117824773413897,0.5045317220543807
1835,0.1116883116883116,0.2922077922077922
4343,0.1116279069767441,0.1720930232558139
2743,0.1116173120728929,0.2801822323462414
5878,0.1114808652246256,0.3061564059900166
2181,0.1114754098360655,0.3049180327868852
5728,0.1114551083591331,0.2693498452012384
1447,0.1111111111111111,0.2646464646464646
2343,0.1111111111111111,0.2777777777777778
2665,0.1111111111111111,0.2910628019323671
2441,0.1111111111111111,0.2222222222222222
61,0.1111111111111111,0.3055555555555556
5467,0.1111111111111111,0.1851851851851851
5006,0.1111111111111111,0.3777777777777777
1647,0.1111111111111111,0.2936507936507936
1042,0.1111111111111111,0.2222222222222222
5981,0.1107142857142857,0.275
6025,0.1107011070110701,0.3099630996309963
3689,0.1106194690265486,0.2345132743362832
5378,0.1104972375690607,0.3149171270718232
5256,0.1103030303030303,0.2387878787878788
3197,0.1102941176470588,0.3161764705882353
4425,0.1102783725910064,0.2655246252676659
4404,0.1102150537634408,0.2983870967741935
327,0.1101694915254237,0.3855932203389831
4482,0.1099744245524296,0.2762148337595907
1880,0.1099476439790576,0.2335078534031413
1050,0.1099290780141844,0.2624113475177305
1671,0.109717868338558,0.3510971786833856
5393,0.1095238095238095,0.319047619047619
5262,0.109375,0.34375
2024,0.109375,0.24609375
1645,0.1091954022988505,0.3505747126436782
1958,0.1091549295774647,0.2934272300469484
893,0.109090909090909,0.209090909090909
5068,0.109090909090909,0.2363636363636363
1962,0.1088180112570356,0.3208255159474671
3401,0.1087216248506571,0.2688172043010752
5410,0.108695652173913,0.3043478260869565
5422,0.1085714285714285,0.1828571428571428
4605,0.1083743842364532,0.3694581280788177
3882,0.1083743842364532,0.3201970443349753
3390,0.1083743842364532,0.3004926108374384
704,0.1081081081081081,0.2432432432432432
285,0.1079136690647482,0.2805755395683453
3067,0.1077481840193704,0.2990314769975787
1676,0.107514450867052,0.3433526011560693
4448,0.1074950690335305,0.2189349112426035
4984,0.1073170731707317,0.3170731707317073
2279,0.1071428571428571,0.3404761904761905
4955,0.1071428571428571,0.2857142857142857
367,0.1071428571428571,0.1428571428571428
5680,0.1069182389937107,0.3396226415094339
6016,0.1067106710671067,0.2838283828382838
550,0.1065149948293691,0.265770423991727
2237,0.1063348416289592,0.2828054298642534
1667,0.1062124248496994,0.2885771543086172
1675,0.1061946902654867,0.336283185840708
5333,0.1060786650774731,0.3075089392133492
1205,0.1058823529411764,0.2588235294117647
3543,0.1057692307692307,0.5192307692307693
1883,0.1057471264367816,0.2896551724137931
1768,0.1056338028169014,0.2464788732394366
4048,0.1056241426611797,0.3292181069958848
2962,0.1056,0.3712
2304,0.1053837342497136,0.2451317296678121
2829,0.1052631578947368,0.5
2907,0.1048292108362779,0.2968197879858657
2444,0.1047619047619047,0.3047619047619048
4543,0.1047619047619047,0.2761904761904762
352,0.1045977011494252,0.2885057471264368
1912,0.1045406546990496,0.3093980992608237
2934,0.1045016077170418,0.3006430868167202
3771,0.1044776119402985,0.3646055437100213
3311,0.1043478260869565,0.3652173913043478
5567,0.1042183622828784,0.2679900744416873
678,0.1041041041041041,0.3203203203203203
4445,0.104,0.304
5658,0.104,0.264
3745,0.1039603960396039,0.2722772277227723
1573,0.1034482758620689,0.4827586206896552
5895,0.1034482758620689,0.2586206896551724
1711,0.1034482758620689,0.4827586206896552
2357,0.1034482758620689,0.1034482758620689
5577,0.1034482758620689,0.2413793103448276
4572,0.1034482758620689,0.3724137931034483
1001,0.1034482758620689,0.4403183023872679
5100,0.1031652989449003,0.3071512309495897
1425,0.1028277634961439,0.3547557840616966
3328,0.1025641025641025,0.3846153846153846
752,0.1025390625,0.3251953125
1698,0.1024033437826541,0.3448275862068966
4161,0.10239651416122,0.3986928104575163
4014,0.1022222222222222,0.4177777777777778
5643,0.102196752626552,0.276981852913085
5526,0.102112676056338,0.2605633802816901
1147,0.1021021021021021,0.4744744744744745
3754,0.1019736842105263,0.2730263157894737
2116,0.101956745623069,0.3635427394438723
1737,0.1019354838709677,0.3264516129032258
5812,0.1019036954087346,0.3471444568868981
3762,0.1016949152542373,0.4382566585956416
5080,0.1014492753623188,0.2608695652173913
1212,0.1014492753623188,0.144927536231884
1733,0.101311084624553,0.4040524433849821
4979,0.100907029478458,0.282312925170068
2710,0.1,0.2333333333333333
2483,0.1,0.3714285714285714
5221,0.1,0.2333333333333333
210,0.1,0.1818181818181818
3168,0.1,0.2
1123,0.1,0.1333333333333333
5348,0.1,0.32
4365,0.1,0.35
2037,0.1,0.35
2820,0.0995525727069351,0.3411633109619686
4041,0.0995260663507109,0.3376777251184834
673,0.0992555831265508,0.4913151364764268
1687,0.099236641221374,0.3536895674300254
4647,0.0985442329227323,0.3729003359462486
45,0.0976430976430976,0.3333333333333333
1010,0.097609561752988,0.300796812749004
5356,0.0975609756097561,0.3658536585365853
2006,0.0975609756097561,0.2682926829268293
3824,0.0972495088408644,0.3261296660117878
1175,0.0972222222222222,0.2916666666666667
4207,0.097165991902834,0.3319838056680162
2124,0.0971337579617834,0.3264331210191082
5509,0.0970873786407767,0.3980582524271844
1019,0.0969827586206896,0.3308189655172414
966,0.0969696969696969,0.4545454545454545
6036,0.0968468468468468,0.3265765765765765
4358,0.0967741935483871,0.4193548387096774
2514,0.0967741935483871,0.1612903225806451
3111,0.0967741935483871,0.3629032258064516
5367,0.0966638152266894,0.2797262617621899
524,0.0964566929133858,0.3375984251968504
1285,0.0961538461538461,0.3164335664335664
4185,0.0961538461538461,0.1923076923076923
4497,0.096,0.382
1626,0.0959409594095941,0.3394833948339483
187,0.0959232613908872,0.39568345323741
4054,0.0957792207792207,0.3116883116883117
4408,0.0957642725598526,0.3627992633517495
4021,0.0954248366013071,0.3019607843137254
4083,0.0953002610966057,0.2898172323759791
4819,0.0952380952380952,0.3663003663003663
356,0.0952380952380952,0.2857142857142857
4651,0.0952380952380952,0.7142857142857143
3897,0.0952380952380952,0.1428571428571428
1713,0.0952380952380952,0.2857142857142857
4230,0.0952380952380952,0.4761904761904761
5174,0.0952380952380952,0.3809523809523809
1709,0.0952380952380952,0.3285714285714285
1191,0.0952380952380952,0.3809523809523809
3642,0.0952380952380952,0.4285714285714285
4464,0.0952380952380952,0.2857142857142857
5794,0.0952380952380952,0.2789115646258503
881,0.0951859956236323,0.3566739606126914
4940,0.0950704225352112,0.3415492957746479
4430,0.0949152542372881,0.3254237288135593
2167,0.0945945945945946,0.4054054054054054
2948,0.0943396226415094,0.2830188679245283
4009,0.0938511326860841,0.3948220064724919
4808,0.0937167199148029,0.3120340788072417
3778,0.0935175345377258,0.3549415515409139
5822,0.0933333333333333,0.2666666666666666
1480,0.0930232558139534,0.2558139534883721
2992,0.0930232558139534,0.3488372093023256
2623,0.0925925925925925,0.3333333333333333
1242,0.0925324675324675,0.4512987012987013
4064,0.0921704658077304,0.3240832507433102
5788,0.0921212121212121,0.3878787878787879
549,0.0920138888888889,0.3133680555555556
2857,0.0918238993710691,0.3635220125786163
3585,0.0916030534351145,0.3435114503816794
2625,0.0915492957746478,0.380281690140845
1088,0.0909863945578231,0.3290816326530612
5831,0.090983606557377,0.2983606557377049
5238,0.0909090909090909,0.3181818181818182
4045,0.0909090909090909,0.5454545454545454
2834,0.0909090909090909,0.4090909090909091
1477,0.0909090909090909,0.4545454545454545
158,0.0909090909090909,0.2727272727272727
5714,0.0909090909090909,0.2525252525252525
424,0.0905383360522022,0.3107667210440457
2777,0.0902857142857142,0.376
5854,0.0902439024390243,0.3390243902439024
4336,0.0901639344262295,0.2459016393442623
2320,0.09,0.33
1410,0.0897435897435897,0.4871794871794871
2590,0.0896358543417367,0.4061624649859944
4725,0.0894632206759443,0.3190854870775348
3574,0.0893854748603352,0.3631284916201117
3377,0.0892857142857142,0.2976190476190476
238,0.0891472868217054,0.3488372093023256
3829,0.0888077858880778,0.4063260340632603
1448,0.0886319845857418,0.3747591522157996
3245,0.0886075949367088,0.3544303797468354
1877,0.0884353741496598,0.6190476190476191
4837,0.0884146341463414,0.3810975609756097
3526,0.0883575883575883,0.3586278586278586
5125,0.088235294117647,0.2941176470588235
5546,0.088235294117647,0.2941176470588235
3539,0.0881261595547309,0.3719851576994434
1980,0.0880952380952381,0.315079365079365
3476,0.0879432624113475,0.4312056737588652
3292,0.0873269435569755,0.3578274760383386
731,0.087227414330218,0.3660436137071651
873,0.0872093023255814,0.3604651162790697
1605,0.0871369294605809,0.3765560165975103
5954,0.087,0.316
2106,0.0866666666666666,0.4111111111111111
4812,0.0866141732283464,0.3149606299212598
5597,0.0865384615384615,0.4807692307692308
5517,0.0865384615384615,0.4871794871794871
391,0.0864197530864197,0.3333333333333333
3391,0.0863486842105263,0.3741776315789473
2368,0.0862068965517241,0.3362068965517241
3224,0.0860986547085201,0.3623318385650224
1449,0.0860820595333869,0.3539823008849557
5420,0.0857142857142857,0.4571428571428571
836,0.0857142857142857,0.3142857142857143
4377,0.0855614973262032,0.2727272727272727
5058,0.0851063829787234,0.3617021276595745
4508,0.0850536746490503,0.3509496284062758
850,0.0848375451263537,0.4205776173285198
1146,0.0846560846560846,0.3888888888888889
2085,0.0845588235294117,0.4558823529411764
4447,0.0845213849287169,0.3574338085539715
4344,0.084185680566483,0.3627065302911094
5039,0.0833333333333333,0.4722222222222222
1154,0.0833333333333333,0.4166666666666667
5023,0.0833333333333333,0.3416666666666667
1382,0.0833333333333333,0.2777777777777778
1015,0.083203732503888,0.3716951788491446
3808,0.082901554404145,0.3644214162348877
1100,0.0826771653543307,0.3562992125984252
2909,0.0826709062003179,0.3370429252782194
3209,0.0826086956521739,0.3608695652173913
5310,0.0824742268041237,0.5051546391752577
432,0.0821917808219178,0.3150684931506849
4510,0.0814516129032258,0.3580645161290323
5806,0.0814479638009049,0.4253393665158371
5795,0.081440877055599,0.3476898981989036
5768,0.081081081081081,0.3243243243243243
5729,0.0806451612903225,0.3870967741935484
745,0.08,0.44
569,0.08,0.424
868,0.08,0.44
4549,0.08,0.24
6005,0.0795454545454545,0.3522727272727273
5111,0.07875,0.435
2121,0.0785340314136125,0.5340314136125655
4486,0.0784313725490196,0.7254901960784313
4105,0.078125,0.25
2541,0.078125,0.41015625
2063,0.0778533635676492,0.4013605442176871
1150,0.0775729646697388,0.4554531490015361
2230,0.0772532188841201,0.4935622317596566
4442,0.0769230769230769,0.2692307692307692
5896,0.0769230769230769,0.3461538461538461
3032,0.0765456329735034,0.4347399411187438
5098,0.0761421319796954,0.3045685279187817
1470,0.076056338028169,0.6112676056338028
4295,0.075,0.4
3980,0.075,0.4
3844,0.0746268656716417,0.4402985074626865
3618,0.0744047619047619,0.3950892857142857
3043,0.074074074074074,0.5185185185185185
1821,0.074074074074074,0.5555555555555556
304,0.074074074074074,0.3703703703703703
4001,0.0737327188940092,0.3709677419354839
709,0.073170731707317,0.5365853658536586
4255,0.073170731707317,0.6097560975609756
706,0.0728476821192053,0.4370860927152318
835,0.0714285714285714,0.5
1181,0.0710059171597633,0.3806706114398422
3865,0.0701754385964912,0.3684210526315789
3537,0.0701754385964912,0.5614035087719298
3841,0.0699013157894736,0.4457236842105263
4227,0.069558101472995,0.4222585924713584
1156,0.0694444444444444,0.3333333333333333
1270,0.0689655172413793,0.3448275862068966
989,0.0681818181818181,0.3636363636363636
5245,0.0666666666666666,0.2666666666666666
1941,0.0664576802507837,0.4357366771159874
889,0.0658761528326745,0.4762845849802372
5584,0.0657894736842105,0.4078947368421052
3039,0.0655737704918032,0.6065573770491803
3998,0.0648148148148148,0.5617283950617284
4575,0.064,0.472
4277,0.0625358577165806,0.4647160068846815
3352,0.0625,0.375
3893,0.06,0.64
2999,0.0592592592592592,0.4074074074074074
629,0.0590717299578059,0.5358649789029536
826,0.0571428571428571,0.5714285714285714
3319,0.056910569105691,0.3658536585365853
5313,0.0568181818181818,0.5113636363636364
5897,0.0566037735849056,0.4150943396226415
1680,0.0556756756756756,0.5075675675675676
5552,0.0555555555555555,0.3888888888888889
2241,0.0546875,0.3359375
3528,0.0535714285714285,0.5892857142857143
305,0.0509554140127388,0.4585987261146497
1069,0.0509031198686371,0.625615763546798
2329,0.05,0.475
4192,0.05,0.25
5197,0.0483870967741935,0.4516129032258064
860,0.0476190476190476,0.4761904761904761
2908,0.0476190476190476,0.2857142857142857
5899,0.0476190476190476,0.1428571428571428
1226,0.0476190476190476,0.5714285714285714
1615,0.0476190476190476,0.4285714285714285
5929,0.0462962962962962,0.4907407407407407
986,0.0454545454545454,0.6363636363636364
1424,0.0454545454545454,0.3636363636363636
3662,0.0454545454545454,0.6363636363636364
4169,0.0453759723422644,0.5617977528089888
1864,0.0434782608695652,0.6521739130434783
2155,0.0422535211267605,0.5070422535211268
2352,0.042016806722689,0.5210084033613446
4211,0.0416666666666666,0.5833333333333334
5101,0.0408163265306122,0.5306122448979592
2045,0.04,0.48
741,0.0389610389610389,0.5324675324675324
4743,0.0333333333333333,0.3666666666666666
5146,0.0333333333333333,0.6
3806,0.029940119760479,0.592814371257485
3801,0.0285714285714285,0.5857142857142857
1357,0.0282485875706214,0.559322033898305
1562,0.0263157894736842,0.5
4061,0.0263157894736842,0.6052631578947368
278,0.0252525252525252,0.6313131313131313
46,0.024390243902439,0.5853658536585366
1341,0.0229885057471264,0.6896551724137931
4102,0.0224719101123595,0.550561797752809
4804,0.0212765957446808,0.6382978723404256
1919,0.0181818181818181,0.5636363636363636
2204,0.0,0.696969696969697
